[
  {
    "id": 16,
    "first_name": "Barnabe",
    "last_name": "Absolon",
    "email": "babsolonf@geocities.com",
    "gender": "Male",
    "status": true
  },
  {
    "id": 17,
    "first_name": "Kerk",
    "last_name": "Booy",
    "email": "kbooyg@jimdo.com",
    "gender": "Male",
    "status": true
  },
  {
    "id": 18,
    "first_name": "Ker",
    "last_name": "Ingry",
    "email": "kingryh@ustream.tv",
    "gender": "Male",
    "status": false
  },
  {
    "id": 19,
    "first_name": "Estele",
    "last_name": "Orring",
    "email": "eorringi@360.cn",
    "gender": "Female",
    "status": true
  },
  {
    "id": 20,
    "first_name": "Malcolm",
    "last_name": "Kenson",
    "email": "mkensonj@senate.gov",
    "gender": "Male",
    "status": true
  },
  {
    "id": 21,
    "first_name": "Ossie",
    "last_name": "Ninotti",
    "email": "oninottik@auda.org.au",
    "gender": "Male",
    "status": true
  },
  {
    "id": 22,
    "first_name": "Willey",
    "last_name": "Sewter",
    "email": "wsewterl@myspace.com",
    "gender": "Male",
    "status": true
  },
  {
    "id": 23,
    "first_name": "Kenon",
    "last_name": "Mabone",
    "email": "kmabonem@census.gov",
    "gender": "Male",
    "status": false
  },
  {
    "id": 24,
    "first_name": "Milka",
    "last_name": "Furmonger",
    "email": "mfurmongern@bandcamp.com",
    "gender": "Female",
    "status": false
  },
  {
    "id": 25,
    "first_name": "Averell",
    "last_name": "Kleeborn",
    "email": "akleeborno@blogtalkradio.com",
    "gender": "Male",
    "status": true
  },
  {
    "id": 26,
    "first_name": "Wilbert",
    "last_name": "Perschke",
    "email": "wperschkep@jalbum.net",
    "gender": "Male",
    "status": false
  },
  {
    "id": 27,
    "first_name": "Hinze",
    "last_name": "Ofener",
    "email": "hofenerq@ft.com",
    "gender": "Male",
    "status": true
  },
  {
    "id": 28,
    "first_name": "Ari",
    "last_name": "Heath",
    "email": "aheathr@theguardian.com",
    "gender": "Male",
    "status": false
  },
  {
    "id": 29,
    "first_name": "Cammy",
    "last_name": "Denisard",
    "email": "cdenisards@dailymotion.com",
    "gender": "Male",
    "status": false
  },
  {
    "id": 30,
    "first_name": "Homer",
    "last_name": "Gailor",
    "email": "hgailort@exblog.jp",
    "gender": "Male",
    "status": true
  },
  {
    "id": 31,
    "first_name": "Dwight",
    "last_name": "Scargle",
    "email": "dscargleu@hostgator.com",
    "gender": "Male",
    "status": false
  },
  {
    "id": 32,
    "first_name": "Rodrique",
    "last_name": "Kemery",
    "email": "rkemeryv@eventbrite.com",
    "gender": "Male",
    "status": false
  },
  {
    "id": 33,
    "first_name": "Helenelizabeth",
    "last_name": "Forman",
    "email": "hformanw@google.it",
    "gender": "Female",
    "status": false
  },
  {
    "id": 34,
    "first_name": "Betteann",
    "last_name": "Gilston",
    "email": "bgilstonx@oaic.gov.au",
    "gender": "Female",
    "status": true
  },
  {
    "id": 35,
    "first_name": "Pru",
    "last_name": "Tibbs",
    "email": "ptibbsy@studiopress.com",
    "gender": "Female",
    "status": true
  },
  {
    "id": 36,
    "first_name": "Roma",
    "last_name": "Quillinane",
    "email": "rquillinanez@elegantthemes.com",
    "gender": "Male",
    "status": true
  },
  {
    "id": 37,
    "first_name": "Chelsie",
    "last_name": "Yglesias",
    "email": "cyglesias10@imgur.com",
    "gender": "Female",
    "status": false
  },
  {
    "id": 38,
    "first_name": "Ave",
    "last_name": "Dilleston",
    "email": "adilleston11@cnet.com",
    "gender": "Male",
    "status": false
  },
  {
    "id": 39,
    "first_name": "Babette",
    "last_name": "Rookeby",
    "email": "brookeby12@plala.or.jp",
    "gender": "Female",
    "status": false
  },
  {
    "id": 40,
    "first_name": "Albertine",
    "last_name": "Iceton",
    "email": "aiceton13@sourceforge.net",
    "gender": "Female",
    "status": true
  },
  {
    "id": 41,
    "first_name": "Erastus",
    "last_name": "Matthensen",
    "email": "ematthensen14@ask.com",
    "gender": "Male",
    "status": true
  },
  {
    "id": 42,
    "first_name": "Ned",
    "last_name": "Suddaby",
    "email": "nsuddaby15@phoca.cz",
    "gender": "Male",
    "status": true
  },
  {
    "id": 43,
    "first_name": "Rafaelita",
    "last_name": "Brinkley",
    "email": "rbrinkley16@mapy.cz",
    "gender": "Female",
    "status": true
  },
  {
    "id": 44,
    "first_name": "Hymie",
    "last_name": "Hasely",
    "email": "hhasely17@usatoday.com",
    "gender": "Male",
    "status": false
  },
  {
    "id": 45,
    "first_name": "Mirilla",
    "last_name": "Sacks",
    "email": "msacks18@earthlink.net",
    "gender": "Female",
    "status": true
  },
  {
    "id": 46,
    "first_name": "Avrit",
    "last_name": "Foote",
    "email": "afoote19@tamu.edu",
    "gender": "Female",
    "status": true
  },
  {
    "id": 47,
    "first_name": "Gilberto",
    "last_name": "Steanyng",
    "email": "gsteanyng1a@buzzfeed.com",
    "gender": "Male",
    "status": false
  },
  {
    "id": 48,
    "first_name": "Brittni",
    "last_name": "Wolpert",
    "email": "bwolpert1b@phpbb.com",
    "gender": "Female",
    "status": false
  },
  {
    "id": 49,
    "first_name": "Em",
    "last_name": "Goranov",
    "email": "egoranov1c@slashdot.org",
    "gender": "Male",
    "status": false
  },
  {
    "id": 50,
    "first_name": "Dedra",
    "last_name": "Luckcuck",
    "email": "dluckcuck1d@yahoo.co.jp",
    "gender": "Female",
    "status": false
  },
  {
    "id": 51,
    "first_name": "Deeann",
    "last_name": "Doel",
    "email": "ddoel1e@wired.com",
    "gender": "Female",
    "status": false
  },
  {
    "id": 52,
    "first_name": "Ursula",
    "last_name": "Cantera",
    "email": "ucantera1f@jugem.jp",
    "gender": "Female",
    "status": false
  },
  {
    "id": 53,
    "first_name": "Irwin",
    "last_name": "Allard",
    "email": "iallard1g@mozilla.org",
    "gender": "Male",
    "status": true
  },
  {
    "id": 54,
    "first_name": "Rubi",
    "last_name": "Cranham",
    "email": "rcranham1h@ebay.com",
    "gender": "Female",
    "status": false
  },
  {
    "id": 55,
    "first_name": "Stanislaw",
    "last_name": "Robak",
    "email": "srobak1i@unicef.org",
    "gender": "Male",
    "status": true
  },
  {
    "id": 56,
    "first_name": "Lanny",
    "last_name": "Hackly",
    "email": "lhackly1j@plala.or.jp",
    "gender": "Female",
    "status": true
  },
  {
    "id": 57,
    "first_name": "Ernestus",
    "last_name": "Cund",
    "email": "ecund1k@soundcloud.com",
    "gender": "Male",
    "status": true
  },
  {
    "id": 58,
    "first_name": "Faunie",
    "last_name": "Rivenzon",
    "email": "frivenzon1l@berkeley.edu",
    "gender": "Female",
    "status": true
  },
  {
    "id": 59,
    "first_name": "Teodorico",
    "last_name": "Quiney",
    "email": "tquiney1m@craigslist.org",
    "gender": "Male",
    "status": true
  },
  {
    "id": 60,
    "first_name": "Rosemary",
    "last_name": "Grint",
    "email": "rgrint1n@bandcamp.com",
    "gender": "Female",
    "status": true
  },
  {
    "id": 61,
    "first_name": "Hilda",
    "last_name": "Gunda",
    "email": "hgunda1o@jugem.jp",
    "gender": "Female",
    "status": false
  },
  {
    "id": 62,
    "first_name": "Kristofor",
    "last_name": "Petrello",
    "email": "kpetrello1p@csmonitor.com",
    "gender": "Male",
    "status": true
  },
  {
    "id": 63,
    "first_name": "Dalenna",
    "last_name": "Beany",
    "email": "dbeany1q@hostgator.com",
    "gender": "Female",
    "status": false
  },
  {
    "id": 64,
    "first_name": "Vittorio",
    "last_name": "Noen",
    "email": "vnoen1r@cafepress.com",
    "gender": "Male",
    "status": true
  },
  {
    "id": 65,
    "first_name": "Antonie",
    "last_name": "Bowen",
    "email": "abowen1s@nba.com",
    "gender": "Female",
    "status": true
  },
  {
    "id": 66,
    "first_name": "Millie",
    "last_name": "Grelka",
    "email": "mgrelka1t@cdbaby.com",
    "gender": "Female",
    "status": false
  },
  {
    "id": 67,
    "first_name": "Jeramie",
    "last_name": "Dungay",
    "email": "jdungay1u@rakuten.co.jp",
    "gender": "Male",
    "status": true
  },
  {
    "id": 68,
    "first_name": "Sherilyn",
    "last_name": "Schmidt",
    "email": "sschmidt1v@reddit.com",
    "gender": "Female",
    "status": true
  },
  {
    "id": 69,
    "first_name": "Carmencita",
    "last_name": "Drawmer",
    "email": "cdrawmer1w@weibo.com",
    "gender": "Female",
    "status": false
  },
  {
    "id": 70,
    "first_name": "Taddeusz",
    "last_name": "Spinks",
    "email": "tspinks1x@list-manage.com",
    "gender": "Male",
    "status": true
  },
  {
    "id": 71,
    "first_name": "James",
    "last_name": "Kroch",
    "email": "jkroch1y@i2i.jp",
    "gender": "Male",
    "status": false
  },
  {
    "id": 72,
    "first_name": "Breena",
    "last_name": "Sollner",
    "email": "bsollner1z@upenn.edu",
    "gender": "Female",
    "status": false
  },
  {
    "id": 73,
    "first_name": "Padget",
    "last_name": "Lievesley",
    "email": "plievesley20@theguardian.com",
    "gender": "Male",
    "status": false
  },
  {
    "id": 74,
    "first_name": "Beitris",
    "last_name": "Sawnwy",
    "email": "bsawnwy21@ameblo.jp",
    "gender": "Female",
    "status": true
  },
  {
    "id": 75,
    "first_name": "Gerardo",
    "last_name": "Berdale",
    "email": "gberdale22@dyndns.org",
    "gender": "Male",
    "status": true
  },
  {
    "id": 76,
    "first_name": "Elyssa",
    "last_name": "Tuttiett",
    "email": "etuttiett23@over-blog.com",
    "gender": "Female",
    "status": false
  },
  {
    "id": 77,
    "first_name": "Abbye",
    "last_name": "Furmage",
    "email": "afurmage24@amazon.com",
    "gender": "Female",
    "status": true
  },
  {
    "id": 78,
    "first_name": "Batsheva",
    "last_name": "Jobbins",
    "email": "bjobbins25@usa.gov",
    "gender": "Female",
    "status": true
  },
  {
    "id": 79,
    "first_name": "Lucais",
    "last_name": "Staley",
    "email": "lstaley26@auda.org.au",
    "gender": "Male",
    "status": true
  },
  {
    "id": 80,
    "first_name": "Layla",
    "last_name": "Roseburgh",
    "email": "lroseburgh27@kickstarter.com",
    "gender": "Female",
    "status": false
  },
  {
    "id": 81,
    "first_name": "Waverly",
    "last_name": "McKibbin",
    "email": "wmckibbin28@dagondesign.com",
    "gender": "Male",
    "status": true
  },
  {
    "id": 82,
    "first_name": "Andie",
    "last_name": "Guinn",
    "email": "aguinn29@craigslist.org",
    "gender": "Male",
    "status": false
  },
  {
    "id": 83,
    "first_name": "Cindra",
    "last_name": "Woodbridge",
    "email": "cwoodbridge2a@blogspot.com",
    "gender": "Female",
    "status": false
  },
  {
    "id": 84,
    "first_name": "Meier",
    "last_name": "Figure",
    "email": "mfigure2b@baidu.com",
    "gender": "Male",
    "status": false
  },
  {
    "id": 85,
    "first_name": "Ana",
    "last_name": "Downing",
    "email": "adowning2c@1und1.de",
    "gender": "Female",
    "status": true
  },
  {
    "id": 86,
    "first_name": "Ezmeralda",
    "last_name": "Bazylets",
    "email": "ebazylets2d@utexas.edu",
    "gender": "Female",
    "status": true
  },
  {
    "id": 87,
    "first_name": "Melva",
    "last_name": "Havesides",
    "email": "mhavesides2e@wikia.com",
    "gender": "Female",
    "status": true
  },
  {
    "id": 88,
    "first_name": "Colene",
    "last_name": "Trowill",
    "email": "ctrowill2f@google.it",
    "gender": "Female",
    "status": false
  },
  {
    "id": 89,
    "first_name": "Ellery",
    "last_name": "Ardron",
    "email": "eardron2g@illinois.edu",
    "gender": "Male",
    "status": true
  },
  {
    "id": 90,
    "first_name": "Cindee",
    "last_name": "Temporal",
    "email": "ctemporal2h@ameblo.jp",
    "gender": "Female",
    "status": true
  },
  {
    "id": 91,
    "first_name": "Tasia",
    "last_name": "Dudney",
    "email": "tdudney2i@twitter.com",
    "gender": "Female",
    "status": false
  },
  {
    "id": 92,
    "first_name": "Ashley",
    "last_name": "Dennett",
    "email": "adennett2j@bluehost.com",
    "gender": "Male",
    "status": false
  },
  {
    "id": 93,
    "first_name": "Tedd",
    "last_name": "Larby",
    "email": "tlarby2k@bloglovin.com",
    "gender": "Male",
    "status": false
  },
  {
    "id": 94,
    "first_name": "Silvano",
    "last_name": "Flucker",
    "email": "sflucker2l@symantec.com",
    "gender": "Male",
    "status": true
  },
  {
    "id": 95,
    "first_name": "Will",
    "last_name": "Deller",
    "email": "wdeller2m@adobe.com",
    "gender": "Male",
    "status": false
  },
  {
    "id": 96,
    "first_name": "Emlen",
    "last_name": "Custance",
    "email": "ecustance2n@istockphoto.com",
    "gender": "Male",
    "status": true
  },
  {
    "id": 97,
    "first_name": "Maude",
    "last_name": "Pigne",
    "email": "mpigne2o@google.cn",
    "gender": "Female",
    "status": false
  },
  {
    "id": 98,
    "first_name": "Brigida",
    "last_name": "Harbord",
    "email": "bharbord2p@hao123.com",
    "gender": "Female",
    "status": false
  },
  {
    "id": 99,
    "first_name": "Erminie",
    "last_name": "Dellenbrok",
    "email": "edellenbrok2q@tmall.com",
    "gender": "Female",
    "status": false
  },
  {
    "id": 100,
    "first_name": "Lisette",
    "last_name": "Andrick",
    "email": "landrick2r@wiley.com",
    "gender": "Female",
    "status": true
  },
  {
    "id": 101,
    "first_name": "Brew",
    "last_name": "Akeherst",
    "email": "bakeherst2s@unicef.org",
    "gender": "Male",
    "status": false
  },
  {
    "id": 102,
    "first_name": "Yorke",
    "last_name": "Medmore",
    "email": "ymedmore2t@moonfruit.com",
    "gender": "Male",
    "status": false
  },
  {
    "id": 103,
    "first_name": "Miran",
    "last_name": "Teather",
    "email": "mteather2u@go.com",
    "gender": "Female",
    "status": true
  },
  {
    "id": 104,
    "first_name": "Enos",
    "last_name": "Springle",
    "email": "espringle2v@twitter.com",
    "gender": "Male",
    "status": true
  },
  {
    "id": 105,
    "first_name": "Sarita",
    "last_name": "Life",
    "email": "slife2w@a8.net",
    "gender": "Female",
    "status": true
  },
  {
    "id": 106,
    "first_name": "Barn",
    "last_name": "Mattei",
    "email": "bmattei2x@macromedia.com",
    "gender": "Male",
    "status": false
  },
  {
    "id": 107,
    "first_name": "Laurella",
    "last_name": "Jeffers",
    "email": "ljeffers2y@vistaprint.com",
    "gender": "Female",
    "status": true
  },
  {
    "id": 108,
    "first_name": "Austen",
    "last_name": "Lambin",
    "email": "alambin2z@tripod.com",
    "gender": "Male",
    "status": false
  },
  {
    "id": 109,
    "first_name": "Sawyer",
    "last_name": "Tarpey",
    "email": "starpey30@nationalgeographic.com",
    "gender": "Male",
    "status": true
  },
  {
    "id": 110,
    "first_name": "Leora",
    "last_name": "Phare",
    "email": "lphare31@ehow.com",
    "gender": "Female",
    "status": false
  },
  {
    "id": 111,
    "first_name": "Alden",
    "last_name": "Bracer",
    "email": "abracer32@go.com",
    "gender": "Male",
    "status": false
  },
  {
    "id": 112,
    "first_name": "Lalo",
    "last_name": "Acome",
    "email": "lacome33@msn.com",
    "gender": "Male",
    "status": false
  },
  {
    "id": 113,
    "first_name": "Cyrille",
    "last_name": "Pilkinton",
    "email": "cpilkinton34@ezinearticles.com",
    "gender": "Male",
    "status": false
  },
  {
    "id": 114,
    "first_name": "Laura",
    "last_name": "Wasmer",
    "email": "lwasmer35@tamu.edu",
    "gender": "Female",
    "status": true
  },
  {
    "id": 115,
    "first_name": "Domenic",
    "last_name": "While",
    "email": "dwhile36@utexas.edu",
    "gender": "Male",
    "status": true
  },
  {
    "id": 116,
    "first_name": "Emilie",
    "last_name": "Hilary",
    "email": "ehilary37@1und1.de",
    "gender": "Female",
    "status": false
  },
  {
    "id": 117,
    "first_name": "Layla",
    "last_name": "Pulham",
    "email": "lpulham38@drupal.org",
    "gender": "Female",
    "status": true
  },
  {
    "id": 118,
    "first_name": "Wendi",
    "last_name": "Mabone",
    "email": "wmabone39@mapy.cz",
    "gender": "Female",
    "status": false
  },
  {
    "id": 119,
    "first_name": "Jacquelyn",
    "last_name": "Iorizzo",
    "email": "jiorizzo3a@163.com",
    "gender": "Female",
    "status": true
  },
  {
    "id": 120,
    "first_name": "Alford",
    "last_name": "Leith",
    "email": "aleith3b@hhs.gov",
    "gender": "Male",
    "status": false
  },
  {
    "id": 121,
    "first_name": "Garik",
    "last_name": "Tennick",
    "email": "gtennick3c@usa.gov",
    "gender": "Male",
    "status": true
  },
  {
    "id": 122,
    "first_name": "Katleen",
    "last_name": "Szimon",
    "email": "kszimon3d@umich.edu",
    "gender": "Female",
    "status": false
  },
  {
    "id": 123,
    "first_name": "Glyn",
    "last_name": "Keilty",
    "email": "gkeilty3e@ihg.com",
    "gender": "Female",
    "status": false
  },
  {
    "id": 124,
    "first_name": "Matthaeus",
    "last_name": "Celiz",
    "email": "mceliz3f@smh.com.au",
    "gender": "Male",
    "status": false
  },
  {
    "id": 125,
    "first_name": "Hilliary",
    "last_name": "Siggin",
    "email": "hsiggin3g@senate.gov",
    "gender": "Female",
    "status": false
  },
  {
    "id": 126,
    "first_name": "Malvin",
    "last_name": "Clougher",
    "email": "mclougher3h@comcast.net",
    "gender": "Male",
    "status": false
  },
  {
    "id": 127,
    "first_name": "Mitchell",
    "last_name": "Runnalls",
    "email": "mrunnalls3i@wikia.com",
    "gender": "Male",
    "status": false
  },
  {
    "id": 128,
    "first_name": "Tyson",
    "last_name": "Maffioletti",
    "email": "tmaffioletti3j@cafepress.com",
    "gender": "Male",
    "status": false
  },
  {
    "id": 129,
    "first_name": "Faun",
    "last_name": "Ellershaw",
    "email": "fellershaw3k@adobe.com",
    "gender": "Female",
    "status": false
  },
  {
    "id": 130,
    "first_name": "Tallie",
    "last_name": "Villalta",
    "email": "tvillalta3l@godaddy.com",
    "gender": "Male",
    "status": true
  },
  {
    "id": 131,
    "first_name": "Mikkel",
    "last_name": "Glave",
    "email": "mglave3m@soup.io",
    "gender": "Male",
    "status": false
  },
  {
    "id": 132,
    "first_name": "Rockwell",
    "last_name": "Yakubovics",
    "email": "ryakubovics3n@hatena.ne.jp",
    "gender": "Male",
    "status": true
  },
  {
    "id": 133,
    "first_name": "Maxi",
    "last_name": "Citrine",
    "email": "mcitrine3o@github.com",
    "gender": "Female",
    "status": false
  },
  {
    "id": 134,
    "first_name": "Odelia",
    "last_name": "Immer",
    "email": "oimmer3p@unesco.org",
    "gender": "Female",
    "status": true
  },
  {
    "id": 135,
    "first_name": "Jo",
    "last_name": "McCoveney",
    "email": "jmccoveney3q@baidu.com",
    "gender": "Male",
    "status": false
  },
  {
    "id": 136,
    "first_name": "Torr",
    "last_name": "Strang",
    "email": "tstrang3r@sogou.com",
    "gender": "Male",
    "status": false
  },
  {
    "id": 137,
    "first_name": "Garvin",
    "last_name": "Philliphs",
    "email": "gphilliphs3s@ihg.com",
    "gender": "Male",
    "status": false
  },
  {
    "id": 138,
    "first_name": "Julianne",
    "last_name": "Caves",
    "email": "jcaves3t@51.la",
    "gender": "Female",
    "status": false
  },
  {
    "id": 139,
    "first_name": "Paolo",
    "last_name": "Morling",
    "email": "pmorling3u@forbes.com",
    "gender": "Male",
    "status": false
  },
  {
    "id": 140,
    "first_name": "Merrily",
    "last_name": "Iacomi",
    "email": "miacomi3v@over-blog.com",
    "gender": "Female",
    "status": false
  },
  {
    "id": 141,
    "first_name": "Sophia",
    "last_name": "Mattiazzi",
    "email": "smattiazzi3w@multiply.com",
    "gender": "Female",
    "status": false
  },
  {
    "id": 142,
    "first_name": "Abie",
    "last_name": "Shevlan",
    "email": "ashevlan3x@google.es",
    "gender": "Male",
    "status": true
  },
  {
    "id": 143,
    "first_name": "Raeann",
    "last_name": "Iacopetti",
    "email": "riacopetti3y@wisc.edu",
    "gender": "Female",
    "status": false
  },
  {
    "id": 144,
    "first_name": "Shermie",
    "last_name": "Alpe",
    "email": "salpe3z@sbwire.com",
    "gender": "Male",
    "status": true
  },
  {
    "id": 145,
    "first_name": "Bevvy",
    "last_name": "Corkell",
    "email": "bcorkell40@pcworld.com",
    "gender": "Female",
    "status": false
  },
  {
    "id": 146,
    "first_name": "Illa",
    "last_name": "Ker",
    "email": "iker41@edublogs.org",
    "gender": "Female",
    "status": true
  },
  {
    "id": 147,
    "first_name": "Neilla",
    "last_name": "Gendrich",
    "email": "ngendrich42@google.com",
    "gender": "Female",
    "status": false
  },
  {
    "id": 148,
    "first_name": "Seth",
    "last_name": "Crimin",
    "email": "scrimin43@ning.com",
    "gender": "Male",
    "status": true
  },
  {
    "id": 149,
    "first_name": "Annetta",
    "last_name": "Oakton",
    "email": "aoakton44@ifeng.com",
    "gender": "Female",
    "status": false
  },
  {
    "id": 150,
    "first_name": "Eugene",
    "last_name": "Croisier",
    "email": "ecroisier45@mapy.cz",
    "gender": "Male",
    "status": true
  },
  {
    "id": 151,
    "first_name": "Early",
    "last_name": "Bottomore",
    "email": "ebottomore46@stumbleupon.com",
    "gender": "Male",
    "status": true
  },
  {
    "id": 152,
    "first_name": "Edin",
    "last_name": "Gaudon",
    "email": "egaudon47@sbwire.com",
    "gender": "Female",
    "status": true
  },
  {
    "id": 153,
    "first_name": "Munroe",
    "last_name": "Pinnegar",
    "email": "mpinnegar48@google.com.hk",
    "gender": "Male",
    "status": false
  },
  {
    "id": 154,
    "first_name": "Marya",
    "last_name": "Lydford",
    "email": "mlydford49@creativecommons.org",
    "gender": "Female",
    "status": true
  },
  {
    "id": 155,
    "first_name": "Kirby",
    "last_name": "Andrassy",
    "email": "kandrassy4a@hp.com",
    "gender": "Female",
    "status": false
  },
  {
    "id": 156,
    "first_name": "Leyla",
    "last_name": "Drogan",
    "email": "ldrogan4b@ftc.gov",
    "gender": "Female",
    "status": true
  },
  {
    "id": 157,
    "first_name": "Emory",
    "last_name": "Bedburrow",
    "email": "ebedburrow4c@illinois.edu",
    "gender": "Male",
    "status": true
  },
  {
    "id": 158,
    "first_name": "Sid",
    "last_name": "Greatrex",
    "email": "sgreatrex4d@loc.gov",
    "gender": "Male",
    "status": false
  },
  {
    "id": 159,
    "first_name": "Hillel",
    "last_name": "Sellwood",
    "email": "hsellwood4e@mail.ru",
    "gender": "Male",
    "status": true
  },
  {
    "id": 160,
    "first_name": "Philip",
    "last_name": "Sperling",
    "email": "psperling4f@w3.org",
    "gender": "Male",
    "status": true
  },
  {
    "id": 161,
    "first_name": "Noemi",
    "last_name": "Petrov",
    "email": "npetrov4g@cpanel.net",
    "gender": "Female",
    "status": false
  },
  {
    "id": 162,
    "first_name": "Melva",
    "last_name": "Drissell",
    "email": "mdrissell4h@ibm.com",
    "gender": "Female",
    "status": false
  },
  {
    "id": 163,
    "first_name": "Karissa",
    "last_name": "Brok",
    "email": "kbrok4i@answers.com",
    "gender": "Female",
    "status": true
  },
  {
    "id": 164,
    "first_name": "Quillan",
    "last_name": "Dymocke",
    "email": "qdymocke4j@elpais.com",
    "gender": "Male",
    "status": true
  },
  {
    "id": 165,
    "first_name": "Fransisco",
    "last_name": "Barkshire",
    "email": "fbarkshire4k@huffingtonpost.com",
    "gender": "Male",
    "status": true
  },
  {
    "id": 166,
    "first_name": "Giselbert",
    "last_name": "Andreev",
    "email": "gandreev4l@miibeian.gov.cn",
    "gender": "Male",
    "status": true
  },
  {
    "id": 167,
    "first_name": "Ira",
    "last_name": "Scobie",
    "email": "iscobie4m@washington.edu",
    "gender": "Female",
    "status": false
  },
  {
    "id": 168,
    "first_name": "Esma",
    "last_name": "Lanyon",
    "email": "elanyon4n@blogs.com",
    "gender": "Female",
    "status": false
  },
  {
    "id": 169,
    "first_name": "Akim",
    "last_name": "Oxburgh",
    "email": "aoxburgh4o@skyrock.com",
    "gender": "Male",
    "status": true
  },
  {
    "id": 170,
    "first_name": "Dulciana",
    "last_name": "Reoch",
    "email": "dreoch4p@arstechnica.com",
    "gender": "Female",
    "status": false
  },
  {
    "id": 171,
    "first_name": "Meggy",
    "last_name": "Noblet",
    "email": "mnoblet4q@whitehouse.gov",
    "gender": "Female",
    "status": true
  },
  {
    "id": 172,
    "first_name": "Galvin",
    "last_name": "Matanin",
    "email": "gmatanin4r@cpanel.net",
    "gender": "Male",
    "status": false
  },
  {
    "id": 173,
    "first_name": "Rici",
    "last_name": "Duerdin",
    "email": "rduerdin4s@spotify.com",
    "gender": "Female",
    "status": true
  },
  {
    "id": 174,
    "first_name": "Pacorro",
    "last_name": "Caillou",
    "email": "pcaillou4t@cdc.gov",
    "gender": "Male",
    "status": true
  },
  {
    "id": 175,
    "first_name": "Brita",
    "last_name": "Artus",
    "email": "bartus4u@accuweather.com",
    "gender": "Female",
    "status": true
  },
  {
    "id": 176,
    "first_name": "Angelico",
    "last_name": "O'Nolan",
    "email": "aonolan4v@is.gd",
    "gender": "Male",
    "status": true
  },
  {
    "id": 177,
    "first_name": "Levon",
    "last_name": "Tonkinson",
    "email": "ltonkinson4w@infoseek.co.jp",
    "gender": "Male",
    "status": true
  },
  {
    "id": 178,
    "first_name": "Marci",
    "last_name": "Glastonbury",
    "email": "mglastonbury4x@paypal.com",
    "gender": "Female",
    "status": true
  },
  {
    "id": 179,
    "first_name": "Arie",
    "last_name": "Cheine",
    "email": "acheine4y@ed.gov",
    "gender": "Male",
    "status": false
  },
  {
    "id": 180,
    "first_name": "Natala",
    "last_name": "Cud",
    "email": "ncud4z@blogs.com",
    "gender": "Female",
    "status": false
  },
  {
    "id": 181,
    "first_name": "Koenraad",
    "last_name": "Gowanson",
    "email": "kgowanson50@google.pl",
    "gender": "Male",
    "status": true
  },
  {
    "id": 182,
    "first_name": "Myrlene",
    "last_name": "McCole",
    "email": "mmccole51@mashable.com",
    "gender": "Female",
    "status": true
  },
  {
    "id": 183,
    "first_name": "Kerr",
    "last_name": "Finlay",
    "email": "kfinlay52@plala.or.jp",
    "gender": "Male",
    "status": true
  },
  {
    "id": 184,
    "first_name": "Bendicty",
    "last_name": "Cowerd",
    "email": "bcowerd53@blog.com",
    "gender": "Male",
    "status": false
  },
  {
    "id": 185,
    "first_name": "Domeniga",
    "last_name": "Kohn",
    "email": "dkohn54@cnn.com",
    "gender": "Female",
    "status": false
  },
  {
    "id": 186,
    "first_name": "Giovanni",
    "last_name": "Salvati",
    "email": "gsalvati55@nyu.edu",
    "gender": "Male",
    "status": false
  },
  {
    "id": 187,
    "first_name": "Ryley",
    "last_name": "Devita",
    "email": "rdevita56@irs.gov",
    "gender": "Male",
    "status": false
  },
  {
    "id": 188,
    "first_name": "Sinclare",
    "last_name": "Courtes",
    "email": "scourtes57@indiatimes.com",
    "gender": "Male",
    "status": true
  },
  {
    "id": 189,
    "first_name": "Celka",
    "last_name": "Dahlen",
    "email": "cdahlen58@example.com",
    "gender": "Female",
    "status": false
  },
  {
    "id": 190,
    "first_name": "Eolande",
    "last_name": "Stubbings",
    "email": "estubbings59@squidoo.com",
    "gender": "Female",
    "status": false
  },
  {
    "id": 191,
    "first_name": "Nadean",
    "last_name": "Overstone",
    "email": "noverstone5a@paypal.com",
    "gender": "Female",
    "status": true
  },
  {
    "id": 192,
    "first_name": "Datha",
    "last_name": "Ruppel",
    "email": "druppel5b@cnet.com",
    "gender": "Female",
    "status": false
  },
  {
    "id": 193,
    "first_name": "Rahel",
    "last_name": "Amerighi",
    "email": "ramerighi5c@behance.net",
    "gender": "Female",
    "status": true
  },
  {
    "id": 194,
    "first_name": "Moyna",
    "last_name": "Roalfe",
    "email": "mroalfe5d@desdev.cn",
    "gender": "Female",
    "status": false
  },
  {
    "id": 195,
    "first_name": "Micheil",
    "last_name": "Moine",
    "email": "mmoine5e@shutterfly.com",
    "gender": "Male",
    "status": true
  },
  {
    "id": 196,
    "first_name": "Zandra",
    "last_name": "Mix",
    "email": "zmix5f@fda.gov",
    "gender": "Female",
    "status": false
  },
  {
    "id": 197,
    "first_name": "Aldous",
    "last_name": "Adolfson",
    "email": "aadolfson5g@comsenz.com",
    "gender": "Male",
    "status": true
  },
  {
    "id": 198,
    "first_name": "Valaria",
    "last_name": "Klees",
    "email": "vklees5h@geocities.jp",
    "gender": "Female",
    "status": false
  },
  {
    "id": 199,
    "first_name": "Kristine",
    "last_name": "Gallichan",
    "email": "kgallichan5i@tinyurl.com",
    "gender": "Female",
    "status": true
  },
  {
    "id": 200,
    "first_name": "Pam",
    "last_name": "Colquite",
    "email": "pcolquite5j@de.vu",
    "gender": "Female",
    "status": true
  },
  {
    "id": 201,
    "first_name": "Albertina",
    "last_name": "Pybworth",
    "email": "apybworth5k@wired.com",
    "gender": "Female",
    "status": true
  },
  {
    "id": 202,
    "first_name": "Kassandra",
    "last_name": "Severs",
    "email": "ksevers5l@reverbnation.com",
    "gender": "Female",
    "status": true
  },
  {
    "id": 203,
    "first_name": "Gusty",
    "last_name": "Chasemoore",
    "email": "gchasemoore5m@jiathis.com",
    "gender": "Female",
    "status": true
  },
  {
    "id": 204,
    "first_name": "Michaella",
    "last_name": "Keyhoe",
    "email": "mkeyhoe5n@theguardian.com",
    "gender": "Female",
    "status": false
  },
  {
    "id": 205,
    "first_name": "Saunder",
    "last_name": "Clyant",
    "email": "sclyant5o@linkedin.com",
    "gender": "Male",
    "status": false
  },
  {
    "id": 206,
    "first_name": "Roley",
    "last_name": "Bexley",
    "email": "rbexley5p@gizmodo.com",
    "gender": "Male",
    "status": true
  },
  {
    "id": 207,
    "first_name": "Gaspard",
    "last_name": "Bonar",
    "email": "gbonar5q@fda.gov",
    "gender": "Male",
    "status": true
  },
  {
    "id": 208,
    "first_name": "Devlen",
    "last_name": "Skaife d'Ingerthorpe",
    "email": "dskaifedingerthorpe5r@noaa.gov",
    "gender": "Male",
    "status": false
  },
  {
    "id": 209,
    "first_name": "Carce",
    "last_name": "Brownsea",
    "email": "cbrownsea5s@deliciousdays.com",
    "gender": "Male",
    "status": true
  },
  {
    "id": 210,
    "first_name": "Neilla",
    "last_name": "Knibbs",
    "email": "nknibbs5t@4shared.com",
    "gender": "Female",
    "status": false
  },
  {
    "id": 211,
    "first_name": "Zachary",
    "last_name": "Mungan",
    "email": "zmungan5u@sakura.ne.jp",
    "gender": "Male",
    "status": false
  },
  {
    "id": 212,
    "first_name": "Hedy",
    "last_name": "Forstall",
    "email": "hforstall5v@barnesandnoble.com",
    "gender": "Female",
    "status": true
  },
  {
    "id": 213,
    "first_name": "Jerri",
    "last_name": "Goffe",
    "email": "jgoffe5w@wired.com",
    "gender": "Male",
    "status": true
  },
  {
    "id": 214,
    "first_name": "Christos",
    "last_name": "Gutherson",
    "email": "cgutherson5x@photobucket.com",
    "gender": "Male",
    "status": false
  },
  {
    "id": 215,
    "first_name": "Jaimie",
    "last_name": "Culy",
    "email": "jculy5y@tamu.edu",
    "gender": "Male",
    "status": false
  },
  {
    "id": 216,
    "first_name": "Felicia",
    "last_name": "Mowne",
    "email": "fmowne5z@csmonitor.com",
    "gender": "Female",
    "status": true
  },
  {
    "id": 217,
    "first_name": "Vanya",
    "last_name": "Treacher",
    "email": "vtreacher60@ftc.gov",
    "gender": "Female",
    "status": true
  },
  {
    "id": 218,
    "first_name": "Vince",
    "last_name": "Botly",
    "email": "vbotly61@nymag.com",
    "gender": "Male",
    "status": false
  },
  {
    "id": 219,
    "first_name": "Catherine",
    "last_name": "Mattioli",
    "email": "cmattioli62@barnesandnoble.com",
    "gender": "Female",
    "status": false
  },
  {
    "id": 220,
    "first_name": "Annamarie",
    "last_name": "Janson",
    "email": "ajanson63@1und1.de",
    "gender": "Female",
    "status": true
  },
  {
    "id": 221,
    "first_name": "Justus",
    "last_name": "Dargue",
    "email": "jdargue64@aol.com",
    "gender": "Male",
    "status": false
  },
  {
    "id": 222,
    "first_name": "Lorita",
    "last_name": "Grestie",
    "email": "lgrestie65@google.com",
    "gender": "Female",
    "status": false
  },
  {
    "id": 223,
    "first_name": "Micki",
    "last_name": "Sawtell",
    "email": "msawtell66@bizjournals.com",
    "gender": "Female",
    "status": false
  },
  {
    "id": 224,
    "first_name": "Gav",
    "last_name": "Westraw",
    "email": "gwestraw67@goodreads.com",
    "gender": "Male",
    "status": false
  },
  {
    "id": 225,
    "first_name": "Georgia",
    "last_name": "Rabjohns",
    "email": "grabjohns68@arstechnica.com",
    "gender": "Female",
    "status": true
  },
  {
    "id": 226,
    "first_name": "Eba",
    "last_name": "Mold",
    "email": "emold69@narod.ru",
    "gender": "Female",
    "status": false
  },
  {
    "id": 227,
    "first_name": "Rebeka",
    "last_name": "Scourge",
    "email": "rscourge6a@princeton.edu",
    "gender": "Female",
    "status": true
  },
  {
    "id": 228,
    "first_name": "Karia",
    "last_name": "Noor",
    "email": "knoor6b@xrea.com",
    "gender": "Female",
    "status": true
  },
  {
    "id": 229,
    "first_name": "Atlante",
    "last_name": "Corbyn",
    "email": "acorbyn6c@cocolog-nifty.com",
    "gender": "Female",
    "status": true
  },
  {
    "id": 230,
    "first_name": "Prudy",
    "last_name": "Snazle",
    "email": "psnazle6d@ucsd.edu",
    "gender": "Female",
    "status": true
  },
  {
    "id": 231,
    "first_name": "Zane",
    "last_name": "Butler-Bowdon",
    "email": "zbutlerbowdon6e@auda.org.au",
    "gender": "Male",
    "status": false
  },
  {
    "id": 232,
    "first_name": "Adolphe",
    "last_name": "Drakard",
    "email": "adrakard6f@nhs.uk",
    "gender": "Male",
    "status": true
  },
  {
    "id": 233,
    "first_name": "Magda",
    "last_name": "Grandisson",
    "email": "mgrandisson6g@mayoclinic.com",
    "gender": "Female",
    "status": false
  },
  {
    "id": 234,
    "first_name": "Urson",
    "last_name": "Peaseman",
    "email": "upeaseman6h@linkedin.com",
    "gender": "Male",
    "status": false
  },
  {
    "id": 235,
    "first_name": "Evy",
    "last_name": "Cleveley",
    "email": "ecleveley6i@npr.org",
    "gender": "Female",
    "status": false
  },
  {
    "id": 236,
    "first_name": "Dwayne",
    "last_name": "Baudoux",
    "email": "dbaudoux6j@icq.com",
    "gender": "Male",
    "status": true
  },
  {
    "id": 237,
    "first_name": "Abramo",
    "last_name": "Matzl",
    "email": "amatzl6k@gmpg.org",
    "gender": "Male",
    "status": true
  },
  {
    "id": 238,
    "first_name": "Doy",
    "last_name": "Gilbane",
    "email": "dgilbane6l@sciencedirect.com",
    "gender": "Male",
    "status": true
  },
  {
    "id": 239,
    "first_name": "Barri",
    "last_name": "Daviddi",
    "email": "bdaviddi6m@oakley.com",
    "gender": "Male",
    "status": false
  },
  {
    "id": 240,
    "first_name": "Beauregard",
    "last_name": "Guye",
    "email": "bguye6n@oracle.com",
    "gender": "Male",
    "status": true
  },
  {
    "id": 241,
    "first_name": "Willetta",
    "last_name": "Peatman",
    "email": "wpeatman6o@tripadvisor.com",
    "gender": "Female",
    "status": false
  },
  {
    "id": 242,
    "first_name": "Phebe",
    "last_name": "Garforth",
    "email": "pgarforth6p@exblog.jp",
    "gender": "Female",
    "status": true
  },
  {
    "id": 243,
    "first_name": "Daloris",
    "last_name": "Ladbury",
    "email": "dladbury6q@multiply.com",
    "gender": "Female",
    "status": true
  },
  {
    "id": 244,
    "first_name": "Row",
    "last_name": "Lanham",
    "email": "rlanham6r@cisco.com",
    "gender": "Female",
    "status": false
  },
  {
    "id": 245,
    "first_name": "Randolph",
    "last_name": "Van Saltsberg",
    "email": "rvansaltsberg6s@about.me",
    "gender": "Male",
    "status": true
  },
  {
    "id": 246,
    "first_name": "Bordy",
    "last_name": "Haggie",
    "email": "bhaggie6t@uol.com.br",
    "gender": "Male",
    "status": false
  },
  {
    "id": 247,
    "first_name": "Mal",
    "last_name": "Kerrod",
    "email": "mkerrod6u@eepurl.com",
    "gender": "Male",
    "status": false
  },
  {
    "id": 248,
    "first_name": "Berky",
    "last_name": "Zanicchi",
    "email": "bzanicchi6v@soup.io",
    "gender": "Male",
    "status": true
  },
  {
    "id": 249,
    "first_name": "Roxanna",
    "last_name": "Propper",
    "email": "rpropper6w@thetimes.co.uk",
    "gender": "Female",
    "status": false
  },
  {
    "id": 250,
    "first_name": "Cece",
    "last_name": "Catt",
    "email": "ccatt6x@blinklist.com",
    "gender": "Male",
    "status": true
  },
  {
    "id": 251,
    "first_name": "Danila",
    "last_name": "Junkison",
    "email": "djunkison6y@qq.com",
    "gender": "Female",
    "status": true
  },
  {
    "id": 252,
    "first_name": "Brendan",
    "last_name": "Wareing",
    "email": "bwareing6z@desdev.cn",
    "gender": "Male",
    "status": false
  },
  {
    "id": 253,
    "first_name": "Algernon",
    "last_name": "Gilburt",
    "email": "agilburt70@fc2.com",
    "gender": "Male",
    "status": true
  },
  {
    "id": 254,
    "first_name": "Billy",
    "last_name": "Fanstone",
    "email": "bfanstone71@homestead.com",
    "gender": "Male",
    "status": false
  },
  {
    "id": 255,
    "first_name": "Melodee",
    "last_name": "Dorken",
    "email": "mdorken72@biglobe.ne.jp",
    "gender": "Female",
    "status": true
  },
  {
    "id": 256,
    "first_name": "Carolus",
    "last_name": "Foltin",
    "email": "cfoltin73@go.com",
    "gender": "Male",
    "status": false
  },
  {
    "id": 257,
    "first_name": "Faith",
    "last_name": "De Vaar",
    "email": "fdevaar74@ucoz.com",
    "gender": "Female",
    "status": false
  },
  {
    "id": 258,
    "first_name": "Obie",
    "last_name": "Coleridge",
    "email": "ocoleridge75@china.com.cn",
    "gender": "Male",
    "status": true
  },
  {
    "id": 259,
    "first_name": "Quinlan",
    "last_name": "Murphey",
    "email": "qmurphey76@businesswire.com",
    "gender": "Male",
    "status": false
  },
  {
    "id": 260,
    "first_name": "Clay",
    "last_name": "Arrighetti",
    "email": "carrighetti77@yale.edu",
    "gender": "Male",
    "status": true
  },
  {
    "id": 261,
    "first_name": "Ollie",
    "last_name": "Vlies",
    "email": "ovlies78@europa.eu",
    "gender": "Male",
    "status": true
  },
  {
    "id": 262,
    "first_name": "Rhys",
    "last_name": "Chmarny",
    "email": "rchmarny79@squarespace.com",
    "gender": "Male",
    "status": false
  },
  {
    "id": 263,
    "first_name": "Garik",
    "last_name": "Roots",
    "email": "groots7a@berkeley.edu",
    "gender": "Male",
    "status": false
  },
  {
    "id": 264,
    "first_name": "Meg",
    "last_name": "Pelcheur",
    "email": "mpelcheur7b@omniture.com",
    "gender": "Female",
    "status": true
  },
  {
    "id": 265,
    "first_name": "Hesther",
    "last_name": "Petruska",
    "email": "hpetruska7c@studiopress.com",
    "gender": "Female",
    "status": false
  },
  {
    "id": 266,
    "first_name": "Donetta",
    "last_name": "Gatch",
    "email": "dgatch7d@theguardian.com",
    "gender": "Female",
    "status": false
  },
  {
    "id": 267,
    "first_name": "Vikky",
    "last_name": "Sagar",
    "email": "vsagar7e@naver.com",
    "gender": "Female",
    "status": false
  },
  {
    "id": 268,
    "first_name": "Madison",
    "last_name": "Pilsworth",
    "email": "mpilsworth7f@google.cn",
    "gender": "Male",
    "status": true
  },
  {
    "id": 269,
    "first_name": "Chrissy",
    "last_name": "Perkis",
    "email": "cperkis7g@weebly.com",
    "gender": "Female",
    "status": true
  },
  {
    "id": 270,
    "first_name": "Ilise",
    "last_name": "O' Meara",
    "email": "iomeara7h@theglobeandmail.com",
    "gender": "Female",
    "status": true
  },
  {
    "id": 271,
    "first_name": "Shellie",
    "last_name": "Gilstoun",
    "email": "sgilstoun7i@cbc.ca",
    "gender": "Female",
    "status": false
  },
  {
    "id": 272,
    "first_name": "Barrie",
    "last_name": "Hirche",
    "email": "bhirche7j@slideshare.net",
    "gender": "Female",
    "status": false
  },
  {
    "id": 273,
    "first_name": "Patsy",
    "last_name": "Dymick",
    "email": "pdymick7k@spiegel.de",
    "gender": "Male",
    "status": false
  },
  {
    "id": 274,
    "first_name": "Delinda",
    "last_name": "Stronghill",
    "email": "dstronghill7l@1und1.de",
    "gender": "Female",
    "status": false
  },
  {
    "id": 275,
    "first_name": "Maximo",
    "last_name": "Stearn",
    "email": "mstearn7m@fda.gov",
    "gender": "Male",
    "status": true
  },
  {
    "id": 276,
    "first_name": "Torrance",
    "last_name": "Vader",
    "email": "tvader7n@nsw.gov.au",
    "gender": "Male",
    "status": true
  },
  {
    "id": 277,
    "first_name": "Waly",
    "last_name": "Camidge",
    "email": "wcamidge7o@netvibes.com",
    "gender": "Female",
    "status": true
  },
  {
    "id": 278,
    "first_name": "Belvia",
    "last_name": "Taphouse",
    "email": "btaphouse7p@ed.gov",
    "gender": "Female",
    "status": true
  },
  {
    "id": 279,
    "first_name": "Ginevra",
    "last_name": "Kollasch",
    "email": "gkollasch7q@rediff.com",
    "gender": "Female",
    "status": false
  },
  {
    "id": 280,
    "first_name": "Dick",
    "last_name": "Novotni",
    "email": "dnovotni7r@tamu.edu",
    "gender": "Male",
    "status": false
  },
  {
    "id": 281,
    "first_name": "Jehanna",
    "last_name": "Silveston",
    "email": "jsilveston7s@goo.ne.jp",
    "gender": "Female",
    "status": false
  },
  {
    "id": 282,
    "first_name": "Quill",
    "last_name": "Rogister",
    "email": "qrogister7t@discovery.com",
    "gender": "Male",
    "status": false
  },
  {
    "id": 283,
    "first_name": "Launce",
    "last_name": "Sturge",
    "email": "lsturge7u@washington.edu",
    "gender": "Male",
    "status": true
  },
  {
    "id": 284,
    "first_name": "Jessie",
    "last_name": "Wallage",
    "email": "jwallage7v@surveymonkey.com",
    "gender": "Female",
    "status": true
  },
  {
    "id": 285,
    "first_name": "Isahella",
    "last_name": "Piscopello",
    "email": "ipiscopello7w@cpanel.net",
    "gender": "Female",
    "status": false
  },
  {
    "id": 286,
    "first_name": "Gipsy",
    "last_name": "Scales",
    "email": "gscales7x@cbc.ca",
    "gender": "Female",
    "status": true
  },
  {
    "id": 287,
    "first_name": "Ottilie",
    "last_name": "Dumingo",
    "email": "odumingo7y@ocn.ne.jp",
    "gender": "Female",
    "status": true
  },
  {
    "id": 288,
    "first_name": "Gertie",
    "last_name": "Tommeo",
    "email": "gtommeo7z@epa.gov",
    "gender": "Female",
    "status": true
  },
  {
    "id": 289,
    "first_name": "Dana",
    "last_name": "Penlington",
    "email": "dpenlington80@artisteer.com",
    "gender": "Female",
    "status": false
  },
  {
    "id": 290,
    "first_name": "Doy",
    "last_name": "Vinnicombe",
    "email": "dvinnicombe81@i2i.jp",
    "gender": "Male",
    "status": false
  },
  {
    "id": 291,
    "first_name": "Jill",
    "last_name": "Durnian",
    "email": "jdurnian82@wikispaces.com",
    "gender": "Female",
    "status": true
  },
  {
    "id": 292,
    "first_name": "Bronnie",
    "last_name": "Johnson",
    "email": "bjohnson83@themeforest.net",
    "gender": "Male",
    "status": false
  },
  {
    "id": 293,
    "first_name": "Sissy",
    "last_name": "Joppich",
    "email": "sjoppich84@digg.com",
    "gender": "Female",
    "status": true
  },
  {
    "id": 294,
    "first_name": "Kalle",
    "last_name": "Boost",
    "email": "kboost85@123-reg.co.uk",
    "gender": "Male",
    "status": false
  },
  {
    "id": 295,
    "first_name": "Garrot",
    "last_name": "Genner",
    "email": "ggenner86@omniture.com",
    "gender": "Male",
    "status": true
  },
  {
    "id": 296,
    "first_name": "Nan",
    "last_name": "Turney",
    "email": "nturney87@oakley.com",
    "gender": "Female",
    "status": false
  },
  {
    "id": 297,
    "first_name": "Adamo",
    "last_name": "Dowtry",
    "email": "adowtry88@utexas.edu",
    "gender": "Male",
    "status": true
  },
  {
    "id": 298,
    "first_name": "Lynnette",
    "last_name": "Santen",
    "email": "lsanten89@blogtalkradio.com",
    "gender": "Female",
    "status": true
  },
  {
    "id": 299,
    "first_name": "Tammy",
    "last_name": "Springall",
    "email": "tspringall8a@examiner.com",
    "gender": "Male",
    "status": true
  },
  {
    "id": 300,
    "first_name": "Fredric",
    "last_name": "Puttan",
    "email": "fputtan8b@ucsd.edu",
    "gender": "Male",
    "status": false
  },
  {
    "id": 301,
    "first_name": "Lucila",
    "last_name": "Gummary",
    "email": "lgummary8c@about.com",
    "gender": "Female",
    "status": true
  },
  {
    "id": 302,
    "first_name": "Albie",
    "last_name": "Garnett",
    "email": "agarnett8d@reverbnation.com",
    "gender": "Male",
    "status": true
  },
  {
    "id": 303,
    "first_name": "Odo",
    "last_name": "Chapier",
    "email": "ochapier8e@nifty.com",
    "gender": "Male",
    "status": false
  },
  {
    "id": 304,
    "first_name": "Toddie",
    "last_name": "Golby",
    "email": "tgolby8f@dailymotion.com",
    "gender": "Male",
    "status": false
  },
  {
    "id": 305,
    "first_name": "Melamie",
    "last_name": "Shay",
    "email": "mshay8g@ehow.com",
    "gender": "Female",
    "status": true
  },
  {
    "id": 306,
    "first_name": "Lisa",
    "last_name": "Braybrooke",
    "email": "lbraybrooke8h@xinhuanet.com",
    "gender": "Female",
    "status": true
  },
  {
    "id": 307,
    "first_name": "Ellis",
    "last_name": "Brim",
    "email": "ebrim8i@live.com",
    "gender": "Male",
    "status": false
  },
  {
    "id": 308,
    "first_name": "Margery",
    "last_name": "Gayler",
    "email": "mgayler8j@feedburner.com",
    "gender": "Female",
    "status": true
  },
  {
    "id": 309,
    "first_name": "Nikita",
    "last_name": "Grishkov",
    "email": "ngrishkov8k@hc360.com",
    "gender": "Male",
    "status": true
  },
  {
    "id": 310,
    "first_name": "Fin",
    "last_name": "Learmouth",
    "email": "flearmouth8l@va.gov",
    "gender": "Male",
    "status": false
  },
  {
    "id": 311,
    "first_name": "Felisha",
    "last_name": "Wallicker",
    "email": "fwallicker8m@vk.com",
    "gender": "Female",
    "status": false
  },
  {
    "id": 312,
    "first_name": "Dill",
    "last_name": "Ivanonko",
    "email": "divanonko8n@ask.com",
    "gender": "Male",
    "status": false
  },
  {
    "id": 313,
    "first_name": "Saidee",
    "last_name": "Maggorini",
    "email": "smaggorini8o@liveinternet.ru",
    "gender": "Female",
    "status": false
  },
  {
    "id": 314,
    "first_name": "Alyse",
    "last_name": "Antonchik",
    "email": "aantonchik8p@techcrunch.com",
    "gender": "Female",
    "status": false
  },
  {
    "id": 315,
    "first_name": "Eryn",
    "last_name": "Worsam",
    "email": "eworsam8q@whitehouse.gov",
    "gender": "Female",
    "status": true
  },
  {
    "id": 316,
    "first_name": "Pippy",
    "last_name": "Yakushkev",
    "email": "pyakushkev8r@telegraph.co.uk",
    "gender": "Female",
    "status": true
  },
  {
    "id": 317,
    "first_name": "Frans",
    "last_name": "Boon",
    "email": "fboon8s@dropbox.com",
    "gender": "Male",
    "status": false
  },
  {
    "id": 318,
    "first_name": "Doralyn",
    "last_name": "Felstead",
    "email": "dfelstead8t@fc2.com",
    "gender": "Female",
    "status": false
  },
  {
    "id": 319,
    "first_name": "Gertrude",
    "last_name": "Frandsen",
    "email": "gfrandsen8u@ow.ly",
    "gender": "Female",
    "status": true
  },
  {
    "id": 320,
    "first_name": "Reyna",
    "last_name": "Skellon",
    "email": "rskellon8v@seesaa.net",
    "gender": "Female",
    "status": true
  },
  {
    "id": 321,
    "first_name": "Wendeline",
    "last_name": "Corbin",
    "email": "wcorbin8w@php.net",
    "gender": "Female",
    "status": true
  },
  {
    "id": 322,
    "first_name": "Carolina",
    "last_name": "Sherrett",
    "email": "csherrett8x@ning.com",
    "gender": "Female",
    "status": true
  },
  {
    "id": 323,
    "first_name": "Frank",
    "last_name": "Anselm",
    "email": "fanselm8y@wikispaces.com",
    "gender": "Female",
    "status": true
  },
  {
    "id": 324,
    "first_name": "Traver",
    "last_name": "Oleszczak",
    "email": "toleszczak8z@360.cn",
    "gender": "Male",
    "status": true
  },
  {
    "id": 325,
    "first_name": "Hannie",
    "last_name": "Fanthome",
    "email": "hfanthome90@zimbio.com",
    "gender": "Female",
    "status": true
  },
  {
    "id": 326,
    "first_name": "Consolata",
    "last_name": "Govinlock",
    "email": "cgovinlock91@timesonline.co.uk",
    "gender": "Female",
    "status": false
  },
  {
    "id": 327,
    "first_name": "Zahara",
    "last_name": "Bowkley",
    "email": "zbowkley92@instagram.com",
    "gender": "Female",
    "status": false
  },
  {
    "id": 328,
    "first_name": "Chickie",
    "last_name": "Ghiriardelli",
    "email": "cghiriardelli93@psu.edu",
    "gender": "Male",
    "status": true
  },
  {
    "id": 329,
    "first_name": "Winna",
    "last_name": "Shevlan",
    "email": "wshevlan94@surveymonkey.com",
    "gender": "Female",
    "status": true
  },
  {
    "id": 330,
    "first_name": "Onofredo",
    "last_name": "Kunkel",
    "email": "okunkel95@ebay.com",
    "gender": "Male",
    "status": true
  },
  {
    "id": 331,
    "first_name": "Carina",
    "last_name": "Rumke",
    "email": "crumke96@foxnews.com",
    "gender": "Female",
    "status": true
  },
  {
    "id": 332,
    "first_name": "Loni",
    "last_name": "Polglaze",
    "email": "lpolglaze97@weebly.com",
    "gender": "Female",
    "status": true
  },
  {
    "id": 333,
    "first_name": "Mariska",
    "last_name": "Gracey",
    "email": "mgracey98@about.me",
    "gender": "Female",
    "status": true
  },
  {
    "id": 334,
    "first_name": "Chicky",
    "last_name": "Swateridge",
    "email": "cswateridge99@marriott.com",
    "gender": "Male",
    "status": false
  },
  {
    "id": 335,
    "first_name": "Kameko",
    "last_name": "Skaid",
    "email": "kskaid9a@dropbox.com",
    "gender": "Female",
    "status": true
  },
  {
    "id": 336,
    "first_name": "Faun",
    "last_name": "Corson",
    "email": "fcorson9b@marketwatch.com",
    "gender": "Female",
    "status": true
  },
  {
    "id": 337,
    "first_name": "Elaina",
    "last_name": "Le Friec",
    "email": "elefriec9c@spiegel.de",
    "gender": "Female",
    "status": true
  },
  {
    "id": 338,
    "first_name": "Adriena",
    "last_name": "Cossans",
    "email": "acossans9d@odnoklassniki.ru",
    "gender": "Female",
    "status": false
  },
  {
    "id": 339,
    "first_name": "Haley",
    "last_name": "Mcwhinney",
    "email": "hmcwhinney9e@dailymotion.com",
    "gender": "Female",
    "status": false
  },
  {
    "id": 340,
    "first_name": "Ethan",
    "last_name": "Kalewe",
    "email": "ekalewe9f@cbslocal.com",
    "gender": "Male",
    "status": false
  },
  {
    "id": 341,
    "first_name": "Lainey",
    "last_name": "Gosdin",
    "email": "lgosdin9g@scientificamerican.com",
    "gender": "Female",
    "status": true
  },
  {
    "id": 342,
    "first_name": "Carter",
    "last_name": "Frayling",
    "email": "cfrayling9h@wsj.com",
    "gender": "Male",
    "status": true
  },
  {
    "id": 343,
    "first_name": "Bonni",
    "last_name": "Plak",
    "email": "bplak9i@umich.edu",
    "gender": "Female",
    "status": false
  },
  {
    "id": 344,
    "first_name": "Ardyce",
    "last_name": "Scole",
    "email": "ascole9j@soundcloud.com",
    "gender": "Female",
    "status": true
  },
  {
    "id": 345,
    "first_name": "Sapphire",
    "last_name": "MacEveley",
    "email": "smaceveley9k@opera.com",
    "gender": "Female",
    "status": false
  },
  {
    "id": 346,
    "first_name": "Bibbye",
    "last_name": "Chesswas",
    "email": "bchesswas9l@mayoclinic.com",
    "gender": "Female",
    "status": true
  },
  {
    "id": 347,
    "first_name": "Wendi",
    "last_name": "Joye",
    "email": "wjoye9m@eventbrite.com",
    "gender": "Female",
    "status": true
  },
  {
    "id": 348,
    "first_name": "Roderigo",
    "last_name": "Heis",
    "email": "rheis9n@bloglines.com",
    "gender": "Male",
    "status": false
  },
  {
    "id": 349,
    "first_name": "Fonz",
    "last_name": "Elnor",
    "email": "felnor9o@51.la",
    "gender": "Male",
    "status": false
  },
  {
    "id": 350,
    "first_name": "Coleman",
    "last_name": "Avramovitz",
    "email": "cavramovitz9p@ustream.tv",
    "gender": "Male",
    "status": false
  },
  {
    "id": 351,
    "first_name": "Sim",
    "last_name": "Olanda",
    "email": "solanda9q@infoseek.co.jp",
    "gender": "Male",
    "status": true
  },
  {
    "id": 352,
    "first_name": "Alasdair",
    "last_name": "MacCahee",
    "email": "amaccahee9r@cocolog-nifty.com",
    "gender": "Male",
    "status": false
  },
  {
    "id": 353,
    "first_name": "Brittany",
    "last_name": "Ayton",
    "email": "bayton9s@constantcontact.com",
    "gender": "Female",
    "status": true
  },
  {
    "id": 354,
    "first_name": "Darrel",
    "last_name": "Coghlan",
    "email": "dcoghlan9t@google.nl",
    "gender": "Male",
    "status": true
  },
  {
    "id": 355,
    "first_name": "Randall",
    "last_name": "Grassett",
    "email": "rgrassett9u@theglobeandmail.com",
    "gender": "Male",
    "status": false
  },
  {
    "id": 356,
    "first_name": "Harriett",
    "last_name": "Audenis",
    "email": "haudenis9v@wsj.com",
    "gender": "Female",
    "status": false
  },
  {
    "id": 357,
    "first_name": "Cornelius",
    "last_name": "Germaine",
    "email": "cgermaine9w@is.gd",
    "gender": "Male",
    "status": true
  },
  {
    "id": 358,
    "first_name": "Reamonn",
    "last_name": "Hacun",
    "email": "rhacun9x@feedburner.com",
    "gender": "Male",
    "status": true
  },
  {
    "id": 359,
    "first_name": "Andree",
    "last_name": "Tripe",
    "email": "atripe9y@mayoclinic.com",
    "gender": "Female",
    "status": false
  },
  {
    "id": 360,
    "first_name": "Kirk",
    "last_name": "Wellwood",
    "email": "kwellwood9z@wix.com",
    "gender": "Male",
    "status": false
  },
  {
    "id": 361,
    "first_name": "Drud",
    "last_name": "Oaker",
    "email": "doakera0@cafepress.com",
    "gender": "Male",
    "status": true
  },
  {
    "id": 362,
    "first_name": "Daryle",
    "last_name": "Wykes",
    "email": "dwykesa1@bandcamp.com",
    "gender": "Male",
    "status": true
  },
  {
    "id": 363,
    "first_name": "Walther",
    "last_name": "Valiant",
    "email": "wvalianta2@addtoany.com",
    "gender": "Male",
    "status": false
  },
  {
    "id": 364,
    "first_name": "Ainslie",
    "last_name": "Fautley",
    "email": "afautleya3@sina.com.cn",
    "gender": "Female",
    "status": true
  },
  {
    "id": 365,
    "first_name": "Corine",
    "last_name": "Lovell",
    "email": "clovella4@uiuc.edu",
    "gender": "Female",
    "status": true
  },
  {
    "id": 366,
    "first_name": "Lauri",
    "last_name": "Dewey",
    "email": "ldeweya5@scribd.com",
    "gender": "Female",
    "status": true
  },
  {
    "id": 367,
    "first_name": "Margarita",
    "last_name": "Sambeck",
    "email": "msambecka6@friendfeed.com",
    "gender": "Female",
    "status": true
  },
  {
    "id": 368,
    "first_name": "Gisella",
    "last_name": "Cundy",
    "email": "gcundya7@php.net",
    "gender": "Female",
    "status": true
  },
  {
    "id": 369,
    "first_name": "Prescott",
    "last_name": "Clardge",
    "email": "pclardgea8@sciencedirect.com",
    "gender": "Male",
    "status": false
  },
  {
    "id": 370,
    "first_name": "Cordell",
    "last_name": "Moan",
    "email": "cmoana9@nytimes.com",
    "gender": "Male",
    "status": true
  },
  {
    "id": 371,
    "first_name": "Glenine",
    "last_name": "Mound",
    "email": "gmoundaa@edublogs.org",
    "gender": "Female",
    "status": true
  },
  {
    "id": 372,
    "first_name": "Humfried",
    "last_name": "Lockney",
    "email": "hlockneyab@reverbnation.com",
    "gender": "Male",
    "status": true
  },
  {
    "id": 373,
    "first_name": "Amy",
    "last_name": "Antoniewicz",
    "email": "aantoniewiczac@is.gd",
    "gender": "Female",
    "status": false
  },
  {
    "id": 374,
    "first_name": "Norri",
    "last_name": "Theriot",
    "email": "ntheriotad@acquirethisname.com",
    "gender": "Female",
    "status": false
  },
  {
    "id": 375,
    "first_name": "Deanna",
    "last_name": "Sneden",
    "email": "dsnedenae@squarespace.com",
    "gender": "Female",
    "status": true
  },
  {
    "id": 376,
    "first_name": "Hermia",
    "last_name": "Zapater",
    "email": "hzapateraf@bbb.org",
    "gender": "Female",
    "status": false
  },
  {
    "id": 377,
    "first_name": "Fawnia",
    "last_name": "Shave",
    "email": "fshaveag@home.pl",
    "gender": "Female",
    "status": true
  },
  {
    "id": 378,
    "first_name": "Alfy",
    "last_name": "Ritelli",
    "email": "aritelliah@elegantthemes.com",
    "gender": "Female",
    "status": false
  },
  {
    "id": 379,
    "first_name": "Kettie",
    "last_name": "Shane",
    "email": "kshaneai@addthis.com",
    "gender": "Female",
    "status": false
  },
  {
    "id": 380,
    "first_name": "Teressa",
    "last_name": "Gowan",
    "email": "tgowanaj@issuu.com",
    "gender": "Female",
    "status": true
  },
  {
    "id": 381,
    "first_name": "Web",
    "last_name": "Roobottom",
    "email": "wroobottomak@amazon.de",
    "gender": "Male",
    "status": true
  },
  {
    "id": 382,
    "first_name": "Jermaine",
    "last_name": "Sessuns",
    "email": "jsessunsal@slideshare.net",
    "gender": "Male",
    "status": false
  },
  {
    "id": 383,
    "first_name": "Tobe",
    "last_name": "Hanalan",
    "email": "thanalanam@goodreads.com",
    "gender": "Male",
    "status": true
  },
  {
    "id": 384,
    "first_name": "Gregorius",
    "last_name": "Edling",
    "email": "gedlingan@wp.com",
    "gender": "Male",
    "status": true
  },
  {
    "id": 385,
    "first_name": "Mavra",
    "last_name": "Heathcoat",
    "email": "mheathcoatao@tinyurl.com",
    "gender": "Female",
    "status": true
  },
  {
    "id": 386,
    "first_name": "Easter",
    "last_name": "Pipping",
    "email": "epippingap@quantcast.com",
    "gender": "Female",
    "status": false
  },
  {
    "id": 387,
    "first_name": "Oona",
    "last_name": "Sleightholm",
    "email": "osleightholmaq@php.net",
    "gender": "Female",
    "status": false
  },
  {
    "id": 388,
    "first_name": "Aurelea",
    "last_name": "Crate",
    "email": "acratear@xrea.com",
    "gender": "Female",
    "status": true
  },
  {
    "id": 389,
    "first_name": "Earlie",
    "last_name": "Eshelby",
    "email": "eeshelbyas@123-reg.co.uk",
    "gender": "Male",
    "status": true
  },
  {
    "id": 390,
    "first_name": "Fin",
    "last_name": "Semour",
    "email": "fsemourat@bravesites.com",
    "gender": "Male",
    "status": true
  },
  {
    "id": 391,
    "first_name": "Xenos",
    "last_name": "Foden",
    "email": "xfodenau@prnewswire.com",
    "gender": "Male",
    "status": false
  },
  {
    "id": 392,
    "first_name": "Bellina",
    "last_name": "Vargas",
    "email": "bvargasav@bizjournals.com",
    "gender": "Female",
    "status": false
  },
  {
    "id": 393,
    "first_name": "Uri",
    "last_name": "Condell",
    "email": "ucondellaw@china.com.cn",
    "gender": "Male",
    "status": true
  },
  {
    "id": 394,
    "first_name": "Bettye",
    "last_name": "Puddicombe",
    "email": "bpuddicombeax@microsoft.com",
    "gender": "Female",
    "status": true
  },
  {
    "id": 395,
    "first_name": "Benita",
    "last_name": "Himsworth",
    "email": "bhimsworthay@cnbc.com",
    "gender": "Female",
    "status": false
  },
  {
    "id": 396,
    "first_name": "Raine",
    "last_name": "Gregori",
    "email": "rgregoriaz@hubpages.com",
    "gender": "Female",
    "status": false
  },
  {
    "id": 397,
    "first_name": "Erroll",
    "last_name": "Arends",
    "email": "earendsb0@ezinearticles.com",
    "gender": "Male",
    "status": true
  },
  {
    "id": 398,
    "first_name": "Trista",
    "last_name": "Vittel",
    "email": "tvittelb1@ehow.com",
    "gender": "Female",
    "status": false
  }
]
